atom	num	name	aa	chain	position	xca	yca	zca	occupancy	bfactor
ATOM	1	N	SER	A	  19 	59.617	14.803	2.258	1.00	60.72
ANISOU	1	N	SER	A	  19 	402   5	457   72	12    32	23	44   -
ATOM	2	CA	SER	A	  19 	58.440	15.116	1.455	1.00	61.68
ANISOU	2	CA	SER	A	  19 	309   5	778   73	50    24	22	02   -
ATOM	3	C	SER	A	  19 	58.721	14.922	-0.029	1.00	60.71
ANISOU	3	C	SER	A	  19 	086   5	691   72	90    24	21	86   -
ATOM	4	O	SER	A	  19 	59.200	13.865	-0.448	1.00	57.56
ANISOU	4	O	SER	A	  19 	676   5	258   69	35    38	22	55   -
ATOM	5	CB	SER	A	  19 	57.243	14.244	1.883	1.00	55.59
ANISOU	5	CB	SER	A	  19 	390   5	150   65	83    36	21	80   -
ATOM	6	OG	SER	A	  19 	57.416	12.888	1.521	1.00	57.36
ANISOU	6	OG	SER	A	  19 	528   5	385   68	82    53	22	52   -
ATOM	7	N	GLN	A	  24 	53.738	13.694	-1.992	1.00	49.27
ANISOU	7	N	GLN	A	  24 	846   4	969   59	05    31	18	06   -
ATOM	8	CA	GLN	A	  24 	53.361	12.277	-1.873	1.00	47.20
ANISOU	8	CA	GLN	A	  24 	488   4	758   56	89    47	18	29
ATOM	9	C	GLN	A	  24 	52.121	12.025	-2.722	1.00	47.71
ANISOU	9	C	GLN	A	  24 	358   4	998   57	72    46	17	18
ATOM	10	O	GLN	A	  24 	51.292	11.276	-2.283	1.00	46.01
ANISOU	10	O	GLN	A	  24 	041   4	858   55	82    53	17	05
ATOM	11	CB	GLN	A	  24 	54.478	11.401	-2.405	1.00	48.65
ANISOU	11	CB	GLN	A	  24 	722   4	844   59	18    58	19	01
ATOM	12	CG	GLN	A	  24 	55.280	10.700	-1.339	1.00	53.11
ANISOU	12	CG	GLN	A	  24 	394   5	274   65	10    70	20	27
ATOM	13	CD	GLN	A	  24 	56.728	10.604	-1.730	1.00	53.70
ANISOU	13	CD	GLN	A	  24 	618   5	190   65	98    75	21	05
ATOM	14	NE2	GLN	A	  24 	57.066	9.572	-2.460	1.00	54.00
ANISOU	14	NE2	GLN	A	  24 	597   5	227   66	94    88	20	99
ATOM	15	OE1	GLN	A	  24 	57.531	11.438	-1.369	1.00	49.92
ANISOU	15	OE1	GLN	A	  24 	310   4	583   60	75    67	21	64
ATOM	16	N	THR	A	  27 	49.013	13.379	-1.024	1.00	43.33
ANISOU	16	N	THR	A	  27 	671   4	670   51	22    31	15	45   -
ATOM	17	CA	THR	A	  27 	48.540	12.499	0.036	1.00	44.32
ANISOU	17	CA	THR	A	  27 	798   4	791   52	50    41	16	09   -
ATOM	18	C	THR	A	  27 	47.957	11.215	-0.538	1.00	43.08
ANISOU	18	C	THR	A	  27 	470   4	724   51	74    51	16	06   -
ATOM	19	O	THR	A	  27 	46.974	10.688	-0.003	1.00	41.31
ANISOU	19	O	THR	A	  27 	173   4	560   49	64    54	16	10   -
ATOM	20	CB	THR	A	  27 	49.683	12.193	1.007	1.00	44.89
ANISOU	20	CB	THR	A	  27 	040   4	705   53	10    47	17	47   -
ATOM	21	CG2	THR	A	  27 	49.204	11.313	2.149	1.00	45.29
ANISOU	21	CG2	THR	A	  27 	099   4	740   53	68    57	18	44   -
ATOM	22	OG1	THR	A	  27 	50.196	13.419	1.543	1.00	47.13
ANISOU	22	OG1	THR	A	  27 	492   4	902   55	12    37	17	32   -
ATOM	23	N	ASP	A	  30 	44.618	12.017	-1.790	1.00	41.97
ANISOU	23	N	ASP	A	  30 	018   4	916   50	10    37	13	24   -
ATOM	24	CA	ASP	A	  30 	43.758	12.211	-0.629	1.00	41.86
ANISOU	24	CA	ASP	A	  30 	047   4	906   49	52    36	13	28   -
ATOM	25	C	ASP	A	  30 	43.135	10.891	-0.198	1.00	43.69
ANISOU	25	C	ASP	A	  30 	196   5	163   52	42    45	13	92   -
ATOM	26	O	ASP	A	  30 	41.921	10.802	0.020	1.00	42.63
ANISOU	26	O	ASP	A	  30 	001   5	096   51	01    44	13	54   -
ATOM	27	CB	ASP	A	  30 	44.568	12.826	0.514	1.00	46.04
ANISOU	27	CB	ASP	A	  30 	769   5	312   54	13    34	13	93   -
ATOM	28	CG	ASP	A	  30 	43.779	13.843	1.310	1.00	46.63
ANISOU	28	CG	ASP	A	  30 	926   5	394   53	97    28	13	19   -
ATOM	29	OD1	ASP	A	  30 	44.401	14.638	2.047	1.00	49.05
ANISOU	29	OD1	ASP	A	  30 	394   5	609   56	33    24	13	23   -
ATOM	30	OD2	ASP	A	  30 	42.537	13.849	1.197	1.00	47.70
ANISOU	30	OD2	ASP	A	  30 	972   5	622   55	30    27	12	49   -
ATOM	31	N	LYS	A	  31 	43.960	9.850	-0.071	1.00	42.12
ANISOU	31	N	LYS	A	  31 	989   4	903   51	12    54	14	92
ATOM	32	CA	LYS	A	  31 	43.441	8.535	0.283	1.00	43.27
ANISOU	32	CA	LYS	A	  31 	024   5	069   53	49    63	15	58
ATOM	33	C	LYS	A	  31 	42.496	8.012	-0.790	1.00	41.80
ANISOU	33	C	LYS	A	  31 	653   5	007   52	23    62	14	49
ATOM	34	O	LYS	A	  31 	41.439	7.449	-0.476	1.00	43.73
ANISOU	34	O	LYS	A	  31 	807   5	300   55	08    63	14	54
ATOM	35	CB	LYS	A	  31 	44.599	7.563	0.502	1.00	44.40
ANISOU	35	CB	LYS	A	  31 	172   5	121   55	76    74	16	73
ATOM	36	CG	LYS	A	  31 	44.175	6.135	0.796	1.00	45.73
ANISOU	36	CG	LYS	A	  31 	191   5	307   58	78    83	17	42
ATOM	37	CD	LYS	A	  31 	43.605	6.008	2.199	1.00	48.40
ANISOU	37	CD	LYS	A	  31 	593   5	596   62	01    84	18	76
ATOM	38	CE	LYS	A	  31 	43.381	4.550	2.562	1.00	51.73
ANISOU	38	CE	LYS	A	  31 	858   6	011   67	86    93	19	83
ATOM	39	NZ	LYS	A	  31 	43.782	4.250	3.963	1.00	60.12
ANISOU	39	NZ	LYS	A	  31 	035   6	950   78	57    99	21	95
ATOM	40	N	HIS	A	  34 	38.796	9.466	-0.793	1.00	45.95
ANISOU	40	N	HIS	A	  34 	097   5	739   56	25    45	12	35
ATOM	41	CA	HIS	A	  34 	37.950	8.965	0.316	1.00	46.25
ANISOU	41	CA	HIS	A	  34 	154   5	751   56	67    47	13	15
ATOM	42	C	HIS	A	  34 	37.583	7.503	0.091	1.00	45.78
ANISOU	42	C	HIS	A	  34 	933   5	722   57	40    53	13	60
ATOM	43	O	HIS	A	  34 	36.485	7.138	0.353	1.00	49.75
ANISOU	43	O	HIS	A	  34 	383   6	252   62	67    51	13	68
ATOM	44	CB	HIS	A	  34 	38.612	9.230	1.665	1.00	46.18
ANISOU	44	CB	HIS	A	  34 	326   5	628   55	93    49	14	36   -
ATOM	45	CG	HIS	A	  34 	38.827	10.667	1.985	1.00	49.14
ANISOU	45	CG	HIS	A	  34 	859   5	971   58	40    43	13	68   -
ATOM	46	CD2	HIS	A	  34 	38.155	11.509	2.778	1.00	48.21
ANISOU	46	CD2	HIS	A	  34 	870   5	832   56	15    40	13	32   -
ATOM	47	ND1	HIS	A	  34 	39.868	11.381	1.501	1.00	49.61
ANISOU	47	ND1	HIS	A	  34 	963   6	009   58	78    40	13	24   -
ATOM	48	CE1	HIS	A	  34 	39.803	12.596	1.957	1.00	49.57
ANISOU	48	CE1	HIS	A	  34 	084   5	977   57	73    34	12	57   -
ATOM	49	NE2	HIS	A	  34 	38.789	12.690	2.746	1.00	48.41
ANISOU	49	NE2	HIS	A	  34 	995   5	830   55	67    35	12	53   -
ATOM	50	N	GLU	A	  35 	38.498	6.714	-0.412	1.00	45.98
ANISOU	50	N	GLU	A	  35 	881   5	737   58	52    58	13	80
ATOM	51	CA	GLU	A	  35 	38.224	5.301	-0.692	1.00	48.73
ANISOU	51	CA	GLU	A	  35 	054   6	116   63	47    64	13	95
ATOM	52	C	GLU	A	  35 	37.278	5.190	-1.886	1.00	47.37
ANISOU	52	C	GLU	A	  35 	757   6	052   61	90    60	12	44
ATOM	53	O	GLU	A	  35 	36.349	4.455	-1.786	1.00	47.67
ANISOU	53	O	GLU	A	  35 	687   6	120   63	05    59	12	46
ATOM	54	CB	GLU	A	  35 	39.547	4.581	-0.918	1.00	46.54
ANISOU	54	CB	GLU	A	  35 	744   5	790   61	51    72	14	35
ATOM	55	CG	GLU	A	  35 	39.662	3.245	-0.234	1.00	55.39
ANISOU	55	CG	GLU	A	  35 	752   6	866   74	27    81	15	55
ATOM	56	CD	GLU	A	  35 	39.313	3.196	1.240	1.00	62.46
ANISOU	56	CD	GLU	A	  35 	726   7	685   83	21    81	17	34
ATOM	57	OE1	GLU	A	  35 	38.125	3.210	1.563	1.00	60.44
ANISOU	57	OE1	GLU	A	  35 	448   7	460   80	56    76	17	41
ATOM	58	OE2	GLU	A	  35 	40.225	3.111	2.056	1.00	68.48
ANISOU	58	OE2	GLU	A	  35 	582   8	349   90	89    86	18	74
ATOM	59	N	GLU	A	  37 	35.135	7.354	-3.126	1.00	43.16
ANISOU	59	N	GLU	A	  37 	273   5	663   54	61    43	10	08
ATOM	60	CA	GLU	A	  37 	33.812	7.919	-2.888	1.00	42.73
ANISOU	60	CA	GLU	A	  37 	238   5	638   53	59    38	9	70
ATOM	61	C	GLU	A	  37 	32.841	6.867	-2.370	1.00	43.85
ANISOU	61	C	GLU	A	  37 	303   5	776   55	83    39	10	23
ATOM	62	O	GLU	A	  37 	31.687	6.802	-2.808	1.00	41.09
ANISOU	62	O	GLU	A	  37 	895   5	474   52	42    36	9	58
ATOM	63	CB	GLU	A	  37 	33.918	9.084	-1.903	1.00	43.78
ANISOU	63	CB	GLU	A	  37 	529   5	715   53	89    36	10	01   -
ATOM	64	CG	GLU	A	  37 	32.642	9.887	-1.738	1.00	48.90
ANISOU	64	CG	GLU	A	  37 	216   6	389   59	74    32	9	35   -
ATOM	65	CD	GLU	A	  37 	32.701	11.234	-2.440	1.00	54.22
ANISOU	65	CD	GLU	A	  37 	912   7	102   65	86    28	8	24   -
ATOM	66	OE1	GLU	A	  37 	31.669	11.643	-3.024	1.00	50.16
ANISOU	66	OE1	GLU	A	  37 	350   6	643   60	65    25	7	40   -
ATOM	67	OE2	GLU	A	  37 	33.775	11.880	-2.407	1.00	53.62
ANISOU	67	OE2	GLU	A	  37 	899   6	996   64	80    26	8	27   -
ATOM	68	N	ASP	A	  38 	33.306	5.999	-1.471	1.00	40.99
ANISOU	68	N	ASP	A	  38 	931   5	350   52	94    44	11	50
ATOM	69	CA	ASP	A	  38 	32.410	5.007	-0.890	1.00	39.07
ANISOU	69	CA	ASP	A	  38 	609   5	090   51	46    44	12	28
ATOM	70	C	ASP	A	  38 	32.292	3.774	-1.777	1.00	38.08
ANISOU	70	C	ASP	A	  38 	287   5	018   51	66    45	11	68
ATOM	71	O	ASP	A	  38 	31.206	3.196	-1.896	1.00	38.30
ANISOU	71	O	ASP	A	  38 	222   5	069   52	61    42	11	49
ATOM	72	CB	ASP	A	  38 	32.891	4.614	0.503	1.00	42.01
ANISOU	72	CB	ASP	A	  38 	055   5	363   55	44    48	14	14
ATOM	73	CG	ASP	A	  38 	31.883	3.758	1.236	1.00	47.86
ANISOU	73	CG	ASP	A	  38 	741   6	070   63	74    46	15	26
ATOM	74	OD1	ASP	A	  38 	32.145	2.548	1.399	1.00	47.21
ANISOU	74	OD1	ASP	A	  38 	517   5	968   64	53    50	16	13
ATOM	75	OD2	ASP	A	  38 	30.821	4.294	1.632	1.00	48.66
ANISOU	75	OD2	ASP	A	  38 	934   6	159   63	93    42	15	27
ATOM	76	N	GLN	A	  42 	28.738	2.449	-3.449	1.00	40.88
ANISOU	76	N	GLN	A	  42 	357   5	505   56	70    31	9	41
ATOM	77	CA	GLN	A	  42 	28.191	1.090	-3.289	1.00	44.11
ANISOU	77	CA	GLN	A	  42 	603   5	902   62	55    30	9	73
ATOM	78	C	GLN	A	  42 	27.849	0.497	-4.642	1.00	44.68
ANISOU	78	C	GLN	A	  42 	552   6	047   63	78    28	7	97
ATOM	79	O	GLN	A	  42 	26.818	-0.126	-4.739	1.00	44.97
ANISOU	79	O	GLN	A	  42 	504   6	084   64	99    22	7	75
ATOM	80	CB	GLN	A	  42 	29.194	0.140	-2.656	1.00	43.94
ANISOU	80	CB	GLN	A	  42 	487   5	838   63	73    36	10	80
ATOM	81	CG	GLN	A	  42 	29.530	0.447	-1.220	1.00	47.23
ANISOU	81	CG	GLN	A	  42 	019   6	166   67	62    38	12	82
ATOM	82	CD	GLN	A	  42 	28.348	0.352	-0.305	1.00	53.12
ANISOU	82	CD	GLN	A	  42 	804   6	854   75	24    33	14	07
ATOM	83	NE2	GLN	A	  42 	27.299	-0.299	-0.746	1.00	59.67
ANISOU	83	NE2	GLN	A	  42 	513   7	707   84	52    27	13	52
ATOM	84	OE1	GLN	A	  42 	28.373	0.842	0.804	1.00	58.08
ANISOU	84	OE1	GLN	A	  42 	585   7	408   80	75    33	15	55
ATOM	85	N	LEU	A	  45 	24.852	2.211	-6.073	1.00	39.81
ANISOU	85	N	LEU	A	  45 	106   5	493   55	27    13	6	03   -
ATOM	86	CA	LEU	A	  45 	23.660	1.757	-5.366	1.00	39.51
ANISOU	86	CA	LEU	A	  45 	049   5	400   55	62     8	6	78   -
ATOM	87	C	LEU	A	  45 	23.197	0.398	-5.880	1.00	44.03
ANISOU	87	C	LEU	A	  45 	453   5	984   62	93     4	6	15   -
ATOM	88	O	LEU	A	  45 	21.998	0.182	-6.091	1.00	44.17
ANISOU	88	O	LEU	A	  45 	460   5	986   63	39    -1	5	86   -
ATOM	89	CB	LEU	A	  45 	23.943	1.692	-3.865	1.00	43.80
ANISOU	89	CB	LEU	A	  45 	638   5	865   61	38    10	8	61   -
ATOM	90	CG	LEU	A	  45 	22.789	1.997	-2.918	1.00	46.00
ANISOU	90	CG	LEU	A	  45 	022   6	068   63	87     6	9	69   -
ATOM	91	CD1	LEU	A	  45 	21.879	3.063	-3.495	1.00	41.85
ANISOU	91	CD1	LEU	A	  45 	608   5	563   57	29     4	8	68   -
ATOM	92	CD2	LEU	A	  45 	23.337	2.432	-1.573	1.00	48.66
ANISOU	92	CD2	LEU	A	  45 	487   6	335   66	66    10	11	28
ATOM	93	N	LEU	A	  79 	49.433	2.125	-8.470	1.00	48.69
ANISOU	93	N	LEU	A	  79 	405   5	685   64	08   134	10	02
ATOM	94	CA	LEU	A	  79 	50.093	2.939	-7.457	1.00	49.54
ANISOU	94	CA	LEU	A	  79 	633   5	693   64	97   130	11	72
ATOM	95	C	LEU	A	  79 	50.306	4.364	-7.944	1.00	51.44
ANISOU	95	C	LEU	A	  79 	042   5	913   65	88   116	12	06
ATOM	96	O	LEU	A	  79 	51.315	4.991	-7.602	1.00	52.43
ANISOU	96	O	LEU	A	  79 	322   5	921   66	77   114	13	13
ATOM	97	CB	LEU	A	  79 	49.283	2.927	-6.163	1.00	51.31
ANISOU	97	CB	LEU	A	  79 	751   5	951   67	92   126	12	60
ATOM	98	CG	LEU	A	  79 	49.247	1.591	-5.418	1.00	52.11
ANISOU	98	CG	LEU	A	  79 	691   6	040   70	70   140	12	91
ATOM	99	CD1	LEU	A	  79 	48.094	1.563	-4.421	1.00	44.34
ANISOU	99	CD1	LEU	A	  79 	592   5	118   61	38   134	13	56
ATOM	100	CD2	LEU	A	  79 	50.579	1.321	-4.725	1.00	48.72
ANISOU	100	CD2	LEU	A	  79 	354   5	459   66	98   151	14	22
ATOM	101	N	TYR	A	  83 	54.223	7.728	-9.280	1.00	55.83
ANISOU	101	N	TYR	A	  83 	352   6	796   70	65    11	8	56   -
ATOM	102	CA	TYR	A	  83 	54.502	9.151	-9.114	1.00	58.71
ANISOU	102	CA	TYR	A	  83 	789   7	145   73	72    -1	8	76   -
ATOM	103	C	TYR	A	  83 	54.622	9.765	-10.501	1.00	61.49
ANISOU	103	C	TYR	A	  83 	202   7	460   77	02   -10	8	47   -
ATOM	104	O	TYR	A	  83 	53.598	10.046	-11.145	1.00	60.31
ANISOU	104	O	TYR	A	  83 	954   7	383   75	78   -15	8	45   -
ATOM	105	CB	TYR	A	  83 	53.398	9.848	-8.313	1.00	56.18
ANISOU	105	CB	TYR	A	  83 	343   6	940   70	64    -8	9	16   -
ATOM	106	CG	TYR	A	  83 	53.079	9.209	-6.980	1.00	56.54
ANISOU	106	CG	TYR	A	  83 	304   7	038   71	39     -	9	45   -
ATOM	107	CD1	TYR	A	  83 	52.044	8.291	-6.855	1.00	54.87
ANISOU	107	CD1	TYR	A	  83 	944   6	911   69	93     6	9	47   -
ATOM	108	CD2	TYR	A	  83 	53.806	9.535	-5.842	1.00	55.66
ANISOU	108	CD2	TYR	A	  83 	264   6	896   69	88	9	71   -
ATOM	109	CE1	TYR	A	  83 	51.747	7.708	-5.636	1.00	53.38
ANISOU	109	CE1	TYR	A	  83 	676   6	777   68	30    13	9	73   -
ATOM	110	CE2	TYR	A	  83 	53.517	8.957	-4.619	1.00	55.74
ANISOU	110	CE2	TYR	A	  83 	196   6	959   70	24     7	9	98   -
ATOM	111	CZ	TYR	A	  83 	52.485	8.044	-4.521	1.00	55.07
ANISOU	111	CZ	TYR	A	  83 	959   6	960   70	05    14	9	99   -
ATOM	112	OH	TYR	A	  83 	52.195	7.468	-3.305	1.00	51.50
ANISOU	112	OH	TYR	A	  83 	427   6	564   65	76    22	10	26   -
TER										
ATOM	113	N	LYS	B	 417 	39.812	18.835	7.881	1.00	44.33
ANISOU	113	N	LYS	B	 417 	113   6	313   54	16   -32	8	18   -
ATOM	114	CA	LYS	B	 417 	40.209	17.541	8.473	1.00	41.44
ANISOU	114	CA	LYS	B	 417 	853   5	894   49	99   -29	8	05   -
ATOM	115	C	LYS	B	 417 	39.742	17.417	9.919	1.00	41.30
ANISOU	115	C	LYS	B	 417 	832   5	901   49	59   -26	7	24   -
ATOM	116	O	LYS	B	 417 	40.485	16.935	10.704	1.00	39.88
ANISOU	116	O	LYS	B	 417 	717   5	685   47	50   -27	7	17   -
ATOM	117	CB	LYS	B	 417 	39.642	16.405	7.632	1.00	39.24
ANISOU	117	CB	LYS	B	 417 	622   5	595   46	92   -22	8	27   -
ATOM	118	CG	LYS	B	 417 	40.241	16.284	6.254	1.00	39.17
ANISOU	118	CG	LYS	B	 417 	647   5	560   46	76   -24	9	10   -
ATOM	119	CD	LYS	B	 417 	41.547	15.628	6.270	1.00	39.30
ANISOU	119	CD	LYS	B	 417 	753   5	511   46	66   -27	9	50   -
ATOM	120	CE	LYS	B	 417 	42.464	16.195	5.229	1.00	42.41
ANISOU	120	CE	LYS	B	 417 	157   5	881   50	76   -32	10	40   -
ATOM	121	NZ	LYS	B	 417 	43.307	15.148	4.642	1.00	44.46
ANISOU	121	NZ	LYS	B	 417 	519   6	083   52	89   -30	10	88   -
ATOM	122	N	TYR	B	 449 	29.615	1.848	9.373	1.00	32.14
ANISOU	122	N	TYR	B	 449 	741   4	389   40	82    17	3	67
ATOM	123	CA	TYR	B	 449 	31.034	2.171	9.404	1.00	30.31
ANISOU	123	CA	TYR	B	 449 	544   4	203   37	68    17	3	97
ATOM	124	C	TYR	B	 449 	31.562	2.285	10.825	1.00	31.15
ANISOU	124	C	TYR	B	 449 	640   4	320   38	76    18	4	33
ATOM	125	O	TYR	B	 449 	32.779	2.259	11.038	1.00	32.29
ANISOU	125	O	TYR	B	 449 	812   4	487   39	68    19	4	58
ATOM	126	CB	TYR	B	 449 	31.815	1.122	8.612	1.00	31.41
ANISOU	126	CB	TYR	B	 449 	704   4	357   38	71    17	3	67
ATOM	127	CG	TYR	B	 449 	31.440	1.111	7.147	1.00	33.41
ANISOU	127	CG	TYR	B	 449 	986   4	614   40	93    16	3	35   -
ATOM	128	CD1	TYR	B	 449 	30.400	0.314	6.680	1.00	32.49
ANISOU	128	CD1	TYR	B	 449 	847   4	467   40	29    15	2	78   -
ATOM	129	CD2	TYR	B	 449 	32.107	1.921	6.235	1.00	32.96
ANISOU	129	CD2	TYR	B	 449 	981   4	588   39	54    17	3	66   -
ATOM	130	CE1	TYR	B	 449 	30.043	0.320	5.340	1.00	35.25
ANISOU	130	CE1	TYR	B	 449 	234   4	822   43	38    15	2	49   -
ATOM	131	CE2	TYR	B	 449 	31.764	1.930	4.897	1.00	33.44
ANISOU	131	CE2	TYR	B	 449 	075   4	658   39	72    17	3	47   -
ATOM	132	CZ	TYR	B	 449 	30.733	1.130	4.453	1.00	37.92
ANISOU	132	CZ	TYR	B	 449 	628   5	199   45	81    16	2	87   -
ATOM	133	OH	TYR	B	 449 	30.394	1.146	3.120	1.00	40.02
ANISOU	133	OH	TYR	B	 449 	938   5	476   47	93    17	2	68   -
ATOM	134	N	TYR	B	 453 	37.186	8.951	11.551	1.00	31.12
ANISOU	134	N	TYR	B	 453 	788   4	454   35	81     7	6	32   -
ATOM	135	CA	TYR	B	 453 	37.835	10.244	11.699	1.00	30.68
ANISOU	135	CA	TYR	B	 453 	729   4	417   35	10     3	6	50   -
ATOM	136	C	TYR	B	 453 	39.275	10.096	11.239	1.00	31.91
ANISOU	136	C	TYR	B	 453 	943   4	537   36	45	6	97   -
ATOM	137	O	TYR	B	 453 	39.593	9.213	10.438	1.00	29.96
ANISOU	137	O	TYR	B	 453 	729   4	264   33	90     1	7	14   -
ATOM	138	CB	TYR	B	 453 	37.126	11.341	10.893	1.00	32.94
ANISOU	138	CB	TYR	B	 453 	960   4	737   38	19     1	6	44   -
ATOM	139	CG	TYR	B	 453 	37.134	11.098	9.400	1.00	33.13
ANISOU	139	CG	TYR	B	 453 	996   4	749   38	45     1	6	72   -
ATOM	140	CD1	TYR	B	 453 	38.142	11.619	8.596	1.00	32.00
ANISOU	140	CD1	TYR	B	 453 	875   4	598   36	86    -2	7	23   -
ATOM	141	CD2	TYR	B	 453 	36.137	10.347	8.797	1.00	33.63
ANISOU	141	CD2	TYR	B	 453 	051   4	804   39	20     5	6	52   -
ATOM	142	CE1	TYR	B	 453 	38.156	11.396	7.236	1.00	34.40
ANISOU	142	CE1	TYR	B	 453 	197   4	897   39	75    -1	7	55   -
ATOM	143	CE2	TYR	B	 453 	36.142	10.117	7.435	1.00	34.74
ANISOU	143	CE2	TYR	B	 453 	212   4	940   40	45     5	6	75   -
ATOM	144	CZ	TYR	B	 453 	37.152	10.645	6.660	1.00	37.01
ANISOU	144	CZ	TYR	B	 453 	526   5	231   43	06     2	7	29   -
ATOM	145	OH	TYR	B	 453 	37.160	10.417	5.305	1.00	38.52
ANISOU	145	OH	TYR	B	 453 	746   5	424   44	67     3	7	58   -
ATOM	146	N	LEU	B	 455 	42.266	10.980	9.059	1.00	32.05
ANISOU	146	N	LEU	B	 455 	063   4	473   36	42   -10	8	42   -
ATOM	147	CA	LEU	B	 455 	42.497	11.580	7.751	1.00	35.31
ANISOU	147	CA	LEU	B	 455 	471   4	888   40	57   -13	8	90   -
ATOM	148	C	LEU	B	 455 	43.893	12.177	7.599	1.00	36.27
ANISOU	148	C	LEU	B	 455 	633   4	958   41	90   -19	9	55   -
ATOM	149	O	LEU	B	 455 	44.065	13.146	6.849	1.00	34.40
ANISOU	149	O	LEU	B	 455 	367   4	730   39	74   -24	9	98   -
ATOM	150	CB	LEU	B	 455 	42.251	10.534	6.659	1.00	32.71
ANISOU	150	CB	LEU	B	 455 	177   4	559   36	94    -8	8	95   -
ATOM	151	CG	LEU	B	 455 	42.393	10.972	5.202	1.00	35.93
ANISOU	151	CG	LEU	B	 455 	592   4	977   40	82    -9	9	51   -
ATOM	152	CD1	LEU	B	 455 	41.296	11.964	4.876	1.00	37.18
ANISOU	152	CD1	LEU	B	 455 	672   5	189   42	66   -11	9	42   -
ATOM	153	CD2	LEU	B	 455 	42.307	9.763	4.282	1.00	35.85
ANISOU	153	CD2	LEU	B	 455 	634   4	968   40	18    -4	9	44
ATOM	154	N	TYR	B	 473 	50.609	6.061	8.956	1.00	46.72
ANISOU	154	N	TYR	B	 473 	101   5	664   59	87    48	10	50
ATOM	155	CA	TYR	B	 473 	51.133	7.361	8.563	1.00	45.35
ANISOU	155	CA	TYR	B	 473 	012   5	412   58	06    37	10	52
ATOM	156	C	TYR	B	 473 	52.194	7.186	7.487	1.00	46.42
ANISOU	156	C	TYR	B	 473 	180   5	446   60	11    42	10	81
ATOM	157	O	TYR	B	 473 	51.937	6.572	6.446	1.00	47.07
ANISOU	157	O	TYR	B	 473 	188   5	602   60	95    48	10	29
ATOM	158	CB	TYR	B	 473 	50.012	8.264	8.059	1.00	42.61
ANISOU	158	CB	TYR	B	 473 	618   5	199   53	73    26	9	50
ATOM	159	CG	TYR	B	 473 	50.490	9.645	7.682	1.00	44.90
ANISOU	159	CG	TYR	B	 473 	976   5	435   56	51    14	9	50
ATOM	160	CD1	TYR	B	 473 	50.839	10.567	8.657	1.00	42.36
ANISOU	160	CD1	TYR	B	 473 	734   5	047   53	12     4	9	91
ATOM	161	CD2	TYR	B	 473 	50.602	10.023	6.349	1.00	44.55
ANISOU	161	CD2	TYR	B	 473 	910   5	412   56	06    12	9	09
ATOM	162	CE1	TYR	B	 473 	51.280	11.831	8.319	1.00	48.39
ANISOU	162	CE1	TYR	B	 473 	548   5	772   60	66    -7	9	86
ATOM	163	CE2	TYR	B	 473 	51.045	11.285	6.000	1.00	44.92
ANISOU	163	CE2	TYR	B	 473 	005   5	419   56	43	9	13
ATOM	164	CZ	TYR	B	 473 	51.381	12.186	6.988	1.00	47.50
ANISOU	164	CZ	TYR	B	 473 	404   5	684   59	60   -10	9	49
ATOM	165	OH	TYR	B	 473 	51.818	13.446	6.649	1.00	53.88
ANISOU	165	OH	TYR	B	 473 	249   6	464   67	60   -23	9	48
ATOM	166	N	SER	B	 477 	59.448	8.494	2.648	1.00	64.10
ANISOU	166	N	SER	B	 477 	931   6	776   86	47    47	14	32
ATOM	167	CA	SER	B	 477 	60.647	8.482	3.471	1.00	67.23
ANISOU	167	CA	SER	B	 477 	480   6	933   91	30    49	15	48
ATOM	168	C	SER	B	 477 	61.100	7.077	3.842	1.00	66.59
ANISOU	168	C	SER	B	 477 	402   6	795   91	02    71	16	05
ATOM	169	O	SER	B	 477 	62.061	6.937	4.606	1.00	70.35
ANISOU	169	O	SER	B	 477 	008   7	075   96	48    76	17	09
ATOM	170	CB	SER	B	 477 	61.798	9.210	2.762	1.00	67.50
ANISOU	170	CB	SER	B	 477 	639   6	781   92	26    41	16	14
ATOM	171	OG	SER	B	 477 	62.371	8.386	1.764	1.00	68.24
ANISOU	171	OG	SER	B	 477 	731   6	838   93	59    56	16	39   1
ATOM	172	N	GLU	B	 484 	50.326	-1.018	6.157	1.00	60.53
ANISOU	172	N	GLU	B	 484 	294   7	810   78	94   112	9	16
ATOM	173	CA	GLU	B	 484 	50.116	-0.083	5.062	1.00	60.69
ANISOU	173	CA	GLU	B	 484 	362   7	829   78	69   103	8	46
ATOM	174	C	GLU	B	 484 	50.674	-0.634	3.757	1.00	59.64
ANISOU	174	C	GLU	B	 484 	196   7	714   77	51   112	8	12   1
ATOM	175	O	GLU	B	 484 	50.689	-1.844	3.518	1.00	58.00
ANISOU	175	O	GLU	B	 484 	887   7	590   75	61   123	7	88   1
ATOM	176	CB	GLU	B	 484 	48.644	0.297	4.891	1.00	57.73
ANISOU	176	CB	GLU	B	 484 	942   7	582   74	11    91	7	40
ATOM	177	CG	GLU	B	 484 	47.638	-0.804	5.030	1.00	59.93
ANISOU	177	CG	GLU	B	 484 	094   8	007   76	70    93	6	72
ATOM	178	CD	GLU	B	 484 	46.309	-0.280	5.545	1.00	64.37
ANISOU	178	CD	GLU	B	 484 	653   8	637   81	67    81	6	19
ATOM	179	OE1	GLU	B	 484 	45.713	-0.934	6.432	1.00	59.12
ANISOU	179	OE1	GLU	B	 484 	926   8	031   75	05    80	6	26
ATOM	180	OE2	GLU	B	 484 	45.869	0.795	5.066	1.00	62.95
ANISOU	180	OE2	GLU	B	 484 	534   8	453   79	32    72	5	73
ATOM	181	N	PHE	B	 486 	52.870	1.241	-0.080	1.00	54.33
ANISOU	181	N	PHE	B	 486 	729   6	852   70	61   113	8	08   1
ATOM	182	CA	PHE	B	 486 	53.178	2.454	-0.824	1.00	53.51
ANISOU	182	CA	PHE	B	 486 	709   6	689   69	35   104	8	16   1
ATOM	183	C	PHE	B	 486 	53.615	3.559	0.130	1.00	52.43
ANISOU	183	C	PHE	B	 486 	679   6	406   68	36    93	8	99   1
ATOM	184	O	PHE	B	 486 	54.532	3.374	0.935	1.00	53.43
ANISOU	184	O	PHE	B	 486 	874   6	387   70	38    97	9	95   1
ATOM	185	CB	PHE	B	 486 	54.270	2.181	-1.858	1.00	54.16
ANISOU	185	CB	PHE	B	 486 	827   6	704   70	46   113	8	53   1
ATOM	186	CG	PHE	B	 486 	54.608	3.374	-2.703	1.00	54.72
ANISOU	186	CG	PHE	B	 486 	974   6	724   70	93   104	8	66   1
ATOM	187	CD1	PHE	B	 486 	53.724	3.827	-3.670	1.00	54.75
ANISOU	187	CD1	PHE	B	 486 	927   6	872   70	02    97	7	75   1
ATOM	188	CD2	PHE	B	 486 	55.803	4.050	-2.526	1.00	56.21
ANISOU	188	CD2	PHE	B	 486 	284   6	719   73	53   100	9	73   1
ATOM	189	CE1	PHE	B	 486 	54.027	4.928	-4.448	1.00	54.98
ANISOU	189	CE1	PHE	B	 486 	013   6	871   70	07    89	7	93   1
ATOM	190	CE2	PHE	B	 486 	56.113	5.153	-3.305	1.00	56.01
ANISOU	190	CE2	PHE	B	 486 	318   6	654   73	08    90	9	88   1
ATOM	191	CZ	PHE	B	 486 	55.223	5.591	-4.265	1.00	54.59
ANISOU	191	CZ	PHE	B	 486 	073   6	636   70	32    85	9	00   1
ATOM	192	N	ASN	B	 487 	52.924	4.691	0.064	1.00	47.77
ANISOU	192	N	ASN	B	 487 	103   5	861   61	88    78	8	57   1
ATOM	193	CA	ASN	B	 487 	53.155	5.893	0.903	1.00	48.37
ANISOU	193	CA	ASN	B	 487 	267   5	835   62	78    65	9	12
ATOM	194	C	ASN	B	 487 	52.960	5.600	2.384	1.00	48.75
ANISOU	194	C	ASN	B	 487 	322   5	853   63	49    66	9	49
ATOM	195	O	ASN	B	 487 	53.390	6.369	3.176	1.00	49.10
ANISOU	195	O	ASN	B	 487 	449   5	791   64	14    58	10	08
ATOM	196	CB	ASN	B	 487 	54.511	6.545	0.692	1.00	50.53
ANISOU	196	CB	ASN	B	 487 	656   5	927   66	16    62	10	05   1
ATOM	197	CG	ASN	B	 487 	54.572	7.392	-0.538	1.00	51.54
ANISOU	197	CG	ASN	B	 487 	790   6	087   67	05    55	9	77   1
ATOM	198	ND2	ASN	B	 487 	53.488	8.040	-0.870	1.00	51.86
ANISOU	198	ND2	ASN	B	 487 	769   6	274   66	60    47	8	95   1
ATOM	199	OD1	ASN	B	 487 	55.594	7.475	-1.160	1.00	55.77
ANISOU	199	OD1	ASN	B	 487 	389   6	513   72	88    57	10	35   1
ATOM	200	N	TYR	B	 489 	49.892	4.755	4.942	1.00	42.41
ANISOU	200	N	TYR	B	 489 	348   5	336   54	29    61	8	39
ATOM	201	CA	TYR	B	 489 	48.442	4.708	5.058	1.00	42.97
ANISOU	201	CA	TYR	B	 489 	347   5	554   54	26    56	7	50
ATOM	202	C	TYR	B	 489 	48.022	4.579	6.513	1.00	42.03
ANISOU	202	C	TYR	B	 489 	229   5	439   53	00    54	7	87
ATOM	203	O	TYR	B	 489 	48.580	5.245	7.391	1.00	43.83
ANISOU	203	O	TYR	B	 489 	539   5	574   55	41    50	8	58
ATOM	204	CB	TYR	B	 489 	47.801	5.959	4.454	1.00	41.62
ANISOU	204	CB	TYR	B	 489 	196   5	436   51	82    45	6	85
ATOM	205	CG	TYR	B	 489 	48.345	6.317	3.097	1.00	43.81
ANISOU	205	CG	TYR	B	 489 	487   5	699   54	61    45	6	69
ATOM	206	CD1	TYR	B	 489 	49.156	7.433	2.920	1.00	44.09
ANISOU	206	CD1	TYR	B	 489 	600   5	641   55	11    38	7	16
ATOM	207	CD2	TYR	B	 489 	48.058	5.530	1.993	1.00	43.91
ANISOU	207	CD2	TYR	B	 489 	433   5	793   54	56    53	6	06
ATOM	208	CE1	TYR	B	 489 	49.661	7.757	1.669	1.00	43.77
ANISOU	208	CE1	TYR	B	 489 	569   5	590   54	70    38	7	09
ATOM	209	CE2	TYR	B	 489 	48.556	5.843	0.742	1.00	44.98
ANISOU	209	CE2	TYR	B	 489 	583   5	925   55	85    54	5	95
ATOM	210	CZ	TYR	B	 489 	49.357	6.955	0.585	1.00	44.25
ANISOU	210	CZ	TYR	B	 489 	567   5	739   55	09    47	6	50
ATOM	211	OH	TYR	B	 489 	49.849	7.259	-0.664	1.00	44.44
ANISOU	211	OH	TYR	B	 489 	601   5	762   55	23    48	6	46
ATOM	212	N	GLN	B	 493 	40.044	6.907	8.809	1.00	39.97
ANISOU	212	N	GLN	B	 493 	891   5	718   45	79    15	4	28
ATOM	213	CA	GLN	B	 493 	39.127	6.564	7.735	1.00	37.56
ANISOU	213	CA	GLN	B	 493 	548   5	477   42	46    16	3	36
ATOM	214	C	GLN	B	 493 	37.708	6.522	8.286	1.00	39.31
ANISOU	214	C	GLN	B	 493 	772   5	758   44	08    13	2	91
ATOM	215	O	GLN	B	 493 	37.380	7.217	9.252	1.00	38.30
ANISOU	215	O	GLN	B	 493 	684   5	634   42	34     9	3	17
ATOM	216	CB	GLN	B	 493 	39.222	7.587	6.588	1.00	38.53
ANISOU	216	CB	GLN	B	 493 	696   5	615   43	29    15	2	90
ATOM	217	CG	GLN	B	 493 	38.296	7.338	5.394	1.00	44.14
ANISOU	217	CG	GLN	B	 493 	381   6	393   49	97    17	1	96
ATOM	218	CD	GLN	B	 493 	38.852	6.320	4.406	1.00	50.07
ANISOU	218	CD	GLN	B	 493 	085   7	141   58	00    22	1	79
ATOM	219	NE2	GLN	B	 493 	38.144	6.129	3.293	1.00	46.39
ANISOU	219	NE2	GLN	B	 493 	604   6	734   52	89    24		97
ATOM	220	OE1	GLN	B	 493 	39.900	5.710	4.640	1.00	49.08
ANISOU	220	OE1	GLN	B	 493 	940   6	963   57	46    26	2	39
ATOM	221	N	GLY	B	 496 	30.984	6.314	5.701	1.00	47.23
ANISOU	221	N	GLY	B	 496 	717   6	347   58	81    53	9	07
ATOM	222	CA	GLY	B	 496 	30.044	5.224	5.416	1.00	46.42
ANISOU	222	CA	GLY	B	 496 	550   6	291   57	96    54	8	47
ATOM	223	C	GLY	B	 496 	28.682	5.843	5.412	1.00	45.22
ANISOU	223	C	GLY	B	 496 	412   6	172   55	96    49	8	55
ATOM	224	O	GLY	B	 496 	28.339	6.353	4.420	1.00	50.00
ANISOU	224	O	GLY	B	 496 	047   6	815   61	36    46	8	24
ATOM	225	N	GLN	B	 498 	25.174	6.004	4.944	1.00	34.24
ANISOU	225	N	GLN	B	 498 	034   4	856   41	19    41	8	43
ATOM	226	CA A	GLN	B	 498 	23.936	5.426	4.333	0.50	35.23
ANISOU	226	CA A	GLN	B	 498 	143   5	019   42	24    37	8	24
ATOM	227	CA B	GLN	B	 498 	23.954	5.443	4.290	0.50	35.23
ANISOU	227	CA B	GLN	B	 498 	143   5	020   42	22    37	8	22
ATOM	228	C	GLN	B	 498 	22.735	6.432	4.324	1.00	35.04
ANISOU	228	C	GLN	B	 498 	187   4	991   41	35    36	8	52
ATOM	229	O	GLN	B	 498 	22.733	7.750	4.237	1.00	31.92
ANISOU	229	O	GLN	B	 498 	841   4	595   36	91    38	8	53
ATOM	230	CB A	GLN	B	 498 	24.203	4.839	2.950	0.50	35.84
ANISOU	230	CB A	GLN	B	 498 	187   5	156   42	76    36	7	46
ATOM	231	CB B	GLN	B	 498 	24.298	5.093	2.849	0.50	35.76
ANISOU	231	CB B	GLN	B	 498 	189   5	145   42	53    36	7	45
ATOM	232	CG A	GLN	B	 498 	25.663	4.527	2.698	0.50	39.37
ANISOU	232	CG A	GLN	B	 498 	617   5	599   47	43    40	7	05
ATOM	233	CG B	GLN	B	 498 	24.185	3.621	2.533	0.50	39.61
ANISOU	233	CG B	GLN	B	 498 	598   5	668   47	84    35	6	95
ATOM	234	CD A	GLN	B	 498 	25.858	3.208	2.001	0.50	47.40
ANISOU	234	CD A	GLN	B	 498 	572   6	661   57	78    41	6	22
ATOM	235	CD B	GLN	B	 498 	25.477	3.087	1.982	0.50	47.39
ANISOU	235	CD B	GLN	B	 498 	561   6	669   57	77    40	6	22
ATOM	236	NE2A	GLN	B	 498 	27.112	2.840	1.825	0.50	45.90
ANISOU	236	NE2A	GLN	B	 498 	379   6	459   56	02    46	5	79
ATOM	237	NE2B	GLN	B	 498 	25.390	1.955	1.313	0.50	46.16
ANISOU	237	NE2B	GLN	B	 498 	344   6	565   56	28    40	5	41
ATOM	238	OE1A	GLN	B	 498 	24.910	2.530	1.625	0.50	53.58
ANISOU	238	OE1A	GLN	B	 498 	313   7	487   65	59    37	5	93
ATOM	239	OE1B	GLN	B	 498 	26.536	3.676	2.161	0.50	53.16
ANISOU	239	OE1B	GLN	B	 498 	332   7	362   65	03    43	6	39
ATOM	240	N	TYR	B	 505 	26.394	14.786	3.617	1.00	33.23
ANISOU	240	N	TYR	B	 505 	991   4	807   38	29    38	8	97
ATOM	241	CA	TYR	B	 505 	27.079	13.537	3.916	1.00	34.33
ANISOU	241	CA	TYR	B	 505 	156   4	905   39	82    38	9	12
ATOM	242	C	TYR	B	 505 	26.404	12.739	5.020	1.00	34.17
ANISOU	242	C	TYR	B	 505 	155   4	864   39	66    43	8	92
ATOM	243	O	TYR	B	 505 	26.891	11.659	5.371	1.00	34.34
ANISOU	243	O	TYR	B	 505 	179   4	852   40	16    43	9	05
ATOM	244	CB	TYR	B	 505 	27.189	12.687	2.645	1.00	32.24
ANISOU	244	CB	TYR	B	 505 	905   4	646   36	99    34	9	10
ATOM	245	CG	TYR	B	 505 	28.274	13.173	1.719	1.00	34.31
ANISOU	245	CG	TYR	B	 505 	188   4	892   39	55    29	9	61
ATOM	246	CD1	TYR	B	 505 	28.067	14.267	0.886	1.00	35.71
ANISOU	246	CD1	TYR	B	 505 	356   5	093   41	20    24	9	93
ATOM	247	CD2	TYR	B	 505 	29.514	12.552	1.691	1.00	34.91
ANISOU	247	CD2	TYR	B	 505 	304   4	921   40	42    29	9	91
ATOM	248	CE1	TYR	B	 505 	29.064	14.721	0.043	1.00	36.37
ANISOU	248	CE1	TYR	B	 505 	475   5	145   41	98    18	10	68
ATOM	249	CE2	TYR	B	 505 	30.515	12.997	0.852	1.00	37.53
ANISOU	249	CE2	TYR	B	 505 	687   5	218   43	57    24	10	57
ATOM	250	CZ	TYR	B	 505 	30.287	14.082	0.031	1.00	38.85
ANISOU	250	CZ	TYR	B	 505 	852   5	402   45	08    18	11	03
ATOM	251	OH	TYR	B	 505 	31.289	14.524	-0.803	1.00	40.63
ANISOU	251	OH	TYR	B	 505 	144   5	576   47	15    11	11	96
TER										
END										
